{
  "serverless-laravel-dev": {
    "BucketName": "serverless-laravel-dev-storagebucket19db2ff8-s3rvazgssdag",
    "LaravelArtisanFunctionName": "serverless-laravel-dev-LaravelArtisan1CAD8727-OJ07HKhzIRSm",
    "LaravelWorkerFunctionName": "serverless-laravel-dev-LaravelWorker005DD181-rqK08asRr3PW",
    "DistributionURL": "d29vrd1yzvnhd9.cloudfront.net",
    "QueueName": "serverless-laravel-dev-DefaultSqs4A8502A0-GCWHBjrOc6KT",
    "LaravelWebFunctionName": "serverless-laravel-dev-LaravelWeb2B607CD8-ikhPvqROW6gB"
  }
}
